experiment,result_path,result_index,workload,prompt_token_length,prompt_length_label,mixed_prompt_lengths,max_new_tokens,limit,concurrency,decode_batch_max_size,configured_head_grouping_policy,configured_dpu_placement_policy,baseline,baseline_key,internal_baseline,output_token_throughput_tps,avg_latency_s,avg_tpot_s,wall_time_s,num_requests,num_dpus,resident_kv_dtype,head_grouping_policy,dpu_placement_policy,dpu_active_count,dpu_active_ratio,dpu_avg_live_elems_active,dpu_max_live_elems,dpu_min_live_elems_active,dpu_imbalance_ratio,dpu_spread_ratio,dpu_live_elems_cv,dpu_imbalance_ratio_all,dpu_spread_ratio_all,dpu_live_elems_cv_all,dpu_live_elems_by_dpu,rank_imbalance_ratio,block_fill_ratio,avg_blocks_per_slot,allocator_max_usage_ratio,allocator_avg_usage_ratio,fallback_allocations,dpu_allocate_failures,total_tokens,dense_compute_s,pim_compute_s,dense_throughput_tps,pim_throughput_tps,throughput_gap_ratio,decode_batch_max_observed_size,decode_batch_config_max_size,decode_batch_flushes,decode_batch_wait_s,decode_batch_reordered_flushes,decode_batch_size_histogram,seq_lens,seq_len_min,seq_len_max,seq_len_mean
imbalance_model,,0,mixed_synthetic,0,native,"64,512,1536,64,768,128,1024,256",2,8,8,8,model,model,Naive Head-Only PIM,naive-head-only-pim,head_only_no_token_sharding_model,0.0,0.0,0.0,0.0,8,16,,model,model,4,0.25,4352.0,4352.0,4352.0,1.0,0.0,0.0,4.0,4.0,1.7320508075688772,"[4352, 4352, 4352, 4352, 0, 0, 0, 0, 0, 0, 0, 0, 0, 0, 0, 0]",0.0,0.0,0.0,0.0,0.0,0,0,4352,0.0,0.0,0.0,0.0,0.0,0,8,0,0.0,0,{},"[64, 512, 1536, 64, 768, 128, 1024, 256]",64,1536,544.0
imbalance_model,,0,mixed_synthetic,0,native,"64,512,1536,64,768,128,1024,256",2,8,8,8,model,model,Clover Planner,clover-planner,balanced_token_sharding_model,0.0,0.0,0.0,0.0,8,16,,model,model,16,1.0,1088.0,1088.0,1088.0,1.0,0.0,0.0,1.0,0.0,0.0,"[1088, 1088, 1088, 1088, 1088, 1088, 1088, 1088, 1088, 1088, 1088, 1088, 1088, 1088, 1088, 1088]",0.0,0.0,0.0,0.0,0.0,0,0,4352,0.0,0.0,0.0,0.0,0.0,0,8,0,0.0,0,{},"[64, 512, 1536, 64, 768, 128, 1024, 256]",64,1536,544.0
imbalance_model,,0,mixed_synthetic,256,256,"64,512,1536,64,768,128,1024,256",2,8,8,8,model,model,Naive Head-Only PIM,naive-head-only-pim,head_only_no_token_sharding_model,0.0,0.0,0.0,0.0,8,16,,model,model,4,0.25,2048.0,2048.0,2048.0,1.0,0.0,0.0,4.0,4.0,1.7320508075688772,"[2048, 2048, 2048, 2048, 0, 0, 0, 0, 0, 0, 0, 0, 0, 0, 0, 0]",0.0,0.0,0.0,0.0,0.0,0,0,2048,0.0,0.0,0.0,0.0,0.0,0,8,0,0.0,0,{},"[256, 256, 256, 256, 256, 256, 256, 256]",256,256,256.0
imbalance_model,,0,mixed_synthetic,256,256,"64,512,1536,64,768,128,1024,256",2,8,8,8,model,model,Clover Planner,clover-planner,balanced_token_sharding_model,0.0,0.0,0.0,0.0,8,16,,model,model,16,1.0,512.0,512.0,512.0,1.0,0.0,0.0,1.0,0.0,0.0,"[512, 512, 512, 512, 512, 512, 512, 512, 512, 512, 512, 512, 512, 512, 512, 512]",0.0,0.0,0.0,0.0,0.0,0,0,2048,0.0,0.0,0.0,0.0,0.0,0,8,0,0.0,0,{},"[256, 256, 256, 256, 256, 256, 256, 256]",256,256,256.0
imbalance_model,,0,mixed_synthetic,512,512,"64,512,1536,64,768,128,1024,256",2,8,8,8,model,model,Naive Head-Only PIM,naive-head-only-pim,head_only_no_token_sharding_model,0.0,0.0,0.0,0.0,8,16,,model,model,4,0.25,4096.0,4096.0,4096.0,1.0,0.0,0.0,4.0,4.0,1.7320508075688772,"[4096, 4096, 4096, 4096, 0, 0, 0, 0, 0, 0, 0, 0, 0, 0, 0, 0]",0.0,0.0,0.0,0.0,0.0,0,0,4096,0.0,0.0,0.0,0.0,0.0,0,8,0,0.0,0,{},"[512, 512, 512, 512, 512, 512, 512, 512]",512,512,512.0
imbalance_model,,0,mixed_synthetic,512,512,"64,512,1536,64,768,128,1024,256",2,8,8,8,model,model,Clover Planner,clover-planner,balanced_token_sharding_model,0.0,0.0,0.0,0.0,8,16,,model,model,16,1.0,1024.0,1024.0,1024.0,1.0,0.0,0.0,1.0,0.0,0.0,"[1024, 1024, 1024, 1024, 1024, 1024, 1024, 1024, 1024, 1024, 1024, 1024, 1024, 1024, 1024, 1024]",0.0,0.0,0.0,0.0,0.0,0,0,4096,0.0,0.0,0.0,0.0,0.0,0,8,0,0.0,0,{},"[512, 512, 512, 512, 512, 512, 512, 512]",512,512,512.0
imbalance_model,,0,sharegpt,0,native,,2,8,8,8,model,model,Naive Head-Only PIM,naive-head-only-pim,head_only_no_token_sharding_model,0.0,0.0,0.0,0.0,8,16,,model,model,4,0.25,1549.0,1549.0,1549.0,1.0,0.0,0.0,4.0,4.0,1.7320508075688772,"[1549, 1549, 1549, 1549, 0, 0, 0, 0, 0, 0, 0, 0, 0, 0, 0, 0]",0.0,0.0,0.0,0.0,0.0,0,0,1549,0.0,0.0,0.0,0.0,0.0,0,8,0,0.0,0,{},"[6, 205, 35, 1157, 118, 15, 12, 1]",1,1157,193.625
imbalance_model,,0,sharegpt,0,native,,2,8,8,8,model,model,Clover Planner,clover-planner,balanced_token_sharding_model,0.0,0.0,0.0,0.0,8,16,,model,model,16,1.0,387.25,388.0,387.0,1.0019367333763718,0.0025823111684958036,0.001118173536196822,1.0019367333763718,0.0025823111684958036,0.001118173536196822,"[388, 387, 387, 387, 388, 387, 387, 387, 388, 387, 387, 387, 388, 387, 387, 387]",0.0,0.0,0.0,0.0,0.0,0,0,1549,0.0,0.0,0.0,0.0,0.0,0,8,0,0.0,0,{},"[6, 205, 35, 1157, 118, 15, 12, 1]",1,1157,193.625
imbalance_model,,0,sharegpt,256,256,,2,8,8,8,model,model,Naive Head-Only PIM,naive-head-only-pim,head_only_no_token_sharding_model,0.0,0.0,0.0,0.0,8,16,,model,model,4,0.25,2048.0,2048.0,2048.0,1.0,0.0,0.0,4.0,4.0,1.7320508075688772,"[2048, 2048, 2048, 2048, 0, 0, 0, 0, 0, 0, 0, 0, 0, 0, 0, 0]",0.0,0.0,0.0,0.0,0.0,0,0,2048,0.0,0.0,0.0,0.0,0.0,0,8,0,0.0,0,{},"[256, 256, 256, 256, 256, 256, 256, 256]",256,256,256.0
imbalance_model,,0,sharegpt,256,256,,2,8,8,8,model,model,Clover Planner,clover-planner,balanced_token_sharding_model,0.0,0.0,0.0,0.0,8,16,,model,model,16,1.0,512.0,512.0,512.0,1.0,0.0,0.0,1.0,0.0,0.0,"[512, 512, 512, 512, 512, 512, 512, 512, 512, 512, 512, 512, 512, 512, 512, 512]",0.0,0.0,0.0,0.0,0.0,0,0,2048,0.0,0.0,0.0,0.0,0.0,0,8,0,0.0,0,{},"[256, 256, 256, 256, 256, 256, 256, 256]",256,256,256.0
imbalance_model,,0,sharegpt,512,512,,2,8,8,8,model,model,Naive Head-Only PIM,naive-head-only-pim,head_only_no_token_sharding_model,0.0,0.0,0.0,0.0,8,16,,model,model,4,0.25,4096.0,4096.0,4096.0,1.0,0.0,0.0,4.0,4.0,1.7320508075688772,"[4096, 4096, 4096, 4096, 0, 0, 0, 0, 0, 0, 0, 0, 0, 0, 0, 0]",0.0,0.0,0.0,0.0,0.0,0,0,4096,0.0,0.0,0.0,0.0,0.0,0,8,0,0.0,0,{},"[512, 512, 512, 512, 512, 512, 512, 512]",512,512,512.0
imbalance_model,,0,sharegpt,512,512,,2,8,8,8,model,model,Clover Planner,clover-planner,balanced_token_sharding_model,0.0,0.0,0.0,0.0,8,16,,model,model,16,1.0,1024.0,1024.0,1024.0,1.0,0.0,0.0,1.0,0.0,0.0,"[1024, 1024, 1024, 1024, 1024, 1024, 1024, 1024, 1024, 1024, 1024, 1024, 1024, 1024, 1024, 1024]",0.0,0.0,0.0,0.0,0.0,0,0,4096,0.0,0.0,0.0,0.0,0.0,0,8,0,0.0,0,{},"[512, 512, 512, 512, 512, 512, 512, 512]",512,512,512.0
imbalance_model,,0,qasper,0,native,,2,8,8,8,model,model,Naive Head-Only PIM,naive-head-only-pim,head_only_no_token_sharding_model,0.0,0.0,0.0,0.0,8,16,,model,model,4,0.25,37090.0,37090.0,37090.0,1.0,0.0,0.0,4.0,4.0,1.7320508075688772,"[37090, 37090, 37090, 37090, 0, 0, 0, 0, 0, 0, 0, 0, 0, 0, 0, 0]",0.0,0.0,0.0,0.0,0.0,0,0,37090,0.0,0.0,0.0,0.0,0.0,0,8,0,0.0,0,{},"[3918, 3318, 4417, 2984, 4449, 5627, 5608, 6769]",2984,6769,4636.25
imbalance_model,,0,qasper,0,native,,2,8,8,8,model,model,Clover Planner,clover-planner,balanced_token_sharding_model,0.0,0.0,0.0,0.0,8,16,,model,model,16,1.0,9272.5,9273.0,9272.0,1.000053922890267,0.00010784578053383661,5.392289026691831e-05,1.000053922890267,0.00010784578053383661,5.392289026691831e-05,"[9273, 9273, 9272, 9272, 9273, 9273, 9272, 9272, 9273, 9273, 9272, 9272, 9273, 9273, 9272, 9272]",0.0,0.0,0.0,0.0,0.0,0,0,37090,0.0,0.0,0.0,0.0,0.0,0,8,0,0.0,0,{},"[3918, 3318, 4417, 2984, 4449, 5627, 5608, 6769]",2984,6769,4636.25
imbalance_model,,0,qasper,256,256,,2,8,8,8,model,model,Naive Head-Only PIM,naive-head-only-pim,head_only_no_token_sharding_model,0.0,0.0,0.0,0.0,8,16,,model,model,4,0.25,2048.0,2048.0,2048.0,1.0,0.0,0.0,4.0,4.0,1.7320508075688772,"[2048, 2048, 2048, 2048, 0, 0, 0, 0, 0, 0, 0, 0, 0, 0, 0, 0]",0.0,0.0,0.0,0.0,0.0,0,0,2048,0.0,0.0,0.0,0.0,0.0,0,8,0,0.0,0,{},"[256, 256, 256, 256, 256, 256, 256, 256]",256,256,256.0
imbalance_model,,0,qasper,256,256,,2,8,8,8,model,model,Clover Planner,clover-planner,balanced_token_sharding_model,0.0,0.0,0.0,0.0,8,16,,model,model,16,1.0,512.0,512.0,512.0,1.0,0.0,0.0,1.0,0.0,0.0,"[512, 512, 512, 512, 512, 512, 512, 512, 512, 512, 512, 512, 512, 512, 512, 512]",0.0,0.0,0.0,0.0,0.0,0,0,2048,0.0,0.0,0.0,0.0,0.0,0,8,0,0.0,0,{},"[256, 256, 256, 256, 256, 256, 256, 256]",256,256,256.0
imbalance_model,,0,qasper,512,512,,2,8,8,8,model,model,Naive Head-Only PIM,naive-head-only-pim,head_only_no_token_sharding_model,0.0,0.0,0.0,0.0,8,16,,model,model,4,0.25,4096.0,4096.0,4096.0,1.0,0.0,0.0,4.0,4.0,1.7320508075688772,"[4096, 4096, 4096, 4096, 0, 0, 0, 0, 0, 0, 0, 0, 0, 0, 0, 0]",0.0,0.0,0.0,0.0,0.0,0,0,4096,0.0,0.0,0.0,0.0,0.0,0,8,0,0.0,0,{},"[512, 512, 512, 512, 512, 512, 512, 512]",512,512,512.0
imbalance_model,,0,qasper,512,512,,2,8,8,8,model,model,Clover Planner,clover-planner,balanced_token_sharding_model,0.0,0.0,0.0,0.0,8,16,,model,model,16,1.0,1024.0,1024.0,1024.0,1.0,0.0,0.0,1.0,0.0,0.0,"[1024, 1024, 1024, 1024, 1024, 1024, 1024, 1024, 1024, 1024, 1024, 1024, 1024, 1024, 1024, 1024]",0.0,0.0,0.0,0.0,0.0,0,0,4096,0.0,0.0,0.0,0.0,0.0,0,8,0,0.0,0,{},"[512, 512, 512, 512, 512, 512, 512, 512]",512,512,512.0
microbatch,artifacts/motivation_revised_20260517/cases/microbatch__bs1__cloverinfer/results.jsonl,0,mixed_synthetic,0,,"128,512",2,8,8,1,,,CloverInfer,cloverinfer,disagg_cloverinfer,2.628676252847291,4.29744952917099,3.493161052465439,6.086713790893555,8,4,fp32,balanced,rotated,4,1.0,1032192.0,1032192.0,1032192.0,1.0,0.0,0.0,1.0,0.0,0.0,"[1032192, 1032192, 1032192, 1032192]",1.0,0.5061383928571429,1.0,0.984375,0.984375,300,428,16,0.5494028548710048,7.312079957220703,29.12252795584156,2.1881598797617015,0.9248636696965454,1,1,8,0.0,0,"{""1"": 8}",,,,
microbatch,artifacts/motivation_revised_20260517/cases/microbatch__bs2__cloverinfer/results.jsonl,0,mixed_synthetic,0,,"128,512",2,8,8,2,,,CloverInfer,cloverinfer,disagg_cloverinfer,2.9026467127629125,4.164603650569916,3.3269988298416138,5.5122106075286865,8,4,fp32,balanced,rotated,4,1.0,1032192.0,1032192.0,1032192.0,1.0,0.0,0.0,1.0,0.0,0.0,"[1032192, 1032192, 1032192, 1032192]",1.0,0.5764508928571429,1.4,0.984375,0.984375,324,476,16,0.5388174869585782,7.62619227101095,29.69465614472532,2.098032600203377,0.9293464591750777,2,2,5,0.04164638405200094,1,"{""1"": 2, ""2"": 3}",,,,
microbatch,artifacts/motivation_revised_20260517/cases/microbatch__bs4__cloverinfer/results.jsonl,0,mixed_synthetic,0,,"128,512",2,8,8,4,,,CloverInfer,cloverinfer,disagg_cloverinfer,3.1688777412011984,4.088208019733429,3.3086403906345367,5.049106121063232,8,4,fp32,balanced,rotated,4,1.0,1032192.0,1032192.0,1032192.0,1.0,0.0,0.0,1.0,0.0,0.0,"[1032192, 1032192, 1032192, 1032192]",1.0,0.5061383928571429,1.0,0.984375,0.984375,300,428,16,0.5114371808012947,7.168131901999004,31.284389560672892,2.2321017831072583,0.9286512597991301,4,4,3,0.04065057903062552,1,"{""1"": 1, ""3"": 1, ""4"": 1}",,,,
microbatch,artifacts/motivation_revised_20260517/cases/microbatch__bs8__cloverinfer/results.jsonl,0,mixed_synthetic,0,,"128,512",2,8,8,8,,,CloverInfer,cloverinfer,disagg_cloverinfer,3.290783742027217,4.186969369649887,3.4146021902561188,4.862063646316528,8,4,fp32,balanced,rotated,4,1.0,1032192.0,1032192.0,1032192.0,1.0,0.0,0.0,1.0,0.0,0.0,"[1032192, 1032192, 1032192, 1032192]",1.0,0.6692708333333334,3.0,0.984375,0.984375,356,540,16,0.48591861780732865,9.278276308905333,32.92732448120387,1.7244582363475343,0.9476283523329714,5,8,2,0.04056760703679174,0,"{""3"": 1, ""5"": 1}",,,,
