model_label,dataset_label,prompt_token_length,max_new_tokens,concurrency,baseline,avg_ttft,avg_tpot,avg_throughput,avg_latency,request_throughput_rps,output_token_throughput_tps
opt-125m,qasper,1024,2,1,PD,0.4638183116912842,0.7964057922363281,1.5870193196327569,1.2602241039276123,0.7933394579088642,1.5866789158177284
opt-125m,qasper,1024,2,1,AFD,0.7971940040588379,1.3692944049835205,0.9231528734021935,2.1664884090423584,0.46036262179133275,0.9207252435826655
opt-125m,qasper,1024,2,1,CPU-Attention,0.7858586311340332,0.8771371841430664,1.202648847114956,1.6629958152770996,0.5992122230433689,1.1984244460867377
opt-125m,qasper,1024,2,1,Naive PIM,0.762286901473999,1.05582857131958,1.1000401404246072,1.818115472793579,0.5471449102318205,1.094289820463641
opt-125m,qasper,1024,2,1,CloverInfer,0.7735042572021484,1.9951167106628418,0.7223812949528773,2.7686209678649902,0.35934663624864505,0.7186932724972901
opt-125m,qasper,1024,2,2,PD,0.42722034454345703,0.7852423191070557,1.6495353300021218,1.2124626636505127,0.824660476459557,1.649320952919114
opt-125m,qasper,1024,2,2,AFD,0.7858562469482422,1.364306926727295,0.9301619637458283,2.150163173675537,0.46380247560126847,0.9276049512025369
opt-125m,qasper,1024,2,2,CPU-Attention,0.7953286170959473,0.8526980876922607,1.2135725678407772,1.648026704788208,0.6045625743216461,1.2091251486432921
opt-125m,qasper,1024,2,2,Naive PIM,0.7904298305511475,1.047025203704834,1.0884620100702687,1.8374550342559814,0.5417252556766923,1.0834505113533845
opt-125m,qasper,1024,2,2,CloverInfer,0.7909555435180664,2.0328361988067627,0.7082675290895918,2.823791742324829,0.3524832849397263,0.7049665698794526
opt-125m,humaneval,1024,2,1,PD,0.43115949630737305,0.7878234386444092,1.6407120581053183,1.2189829349517822,0.820241482397865,1.64048296479573
opt-125m,humaneval,1024,2,1,AFD,0.7889692783355713,1.3681342601776123,0.9271692175603821,2.1571035385131836,0.462254233083344,0.924508466166688
opt-125m,humaneval,1024,2,1,CPU-Attention,0.7838804721832275,0.850841760635376,1.2234494398180302,1.6347222328186035,0.6095260239592923,1.2190520479185847
opt-125m,humaneval,1024,2,1,Naive PIM,0.8064227104187012,1.1037111282348633,1.0470470495459006,1.9101338386535645,0.5212177667449887,1.0424355334899773
opt-125m,humaneval,1024,2,1,CloverInfer,0.8098537921905518,2.0052452087402344,0.7104545876854487,2.815099000930786,0.3534649356848312,0.7069298713696625
opt-125m,humaneval,1024,2,2,PD,0.43561840057373047,0.7881598472595215,1.6342830112735534,1.223778247833252,0.8170157594306471,1.6340315188612942
opt-125m,humaneval,1024,2,2,AFD,0.7825818061828613,1.373171091079712,0.9277501157668154,2.1557528972625732,0.46261520561336356,0.9252304112267271
opt-125m,humaneval,1024,2,2,CPU-Attention,0.7895090579986572,0.8400733470916748,1.227308293064894,1.629582405090332,0.6113803542192391,1.2227607084384782
opt-125m,humaneval,1024,2,2,Naive PIM,0.852694034576416,1.0375311374664307,1.0580750005770556,1.8902251720428467,0.5266942686028959,1.0533885372057918
opt-125m,humaneval,1024,2,2,CloverInfer,0.8216519355773926,1.9592645168304443,0.719187373740881,2.780916452407837,0.3579158654890262,0.7158317309780524
opt-125m,sharegpt,1024,2,1,PD,0.4132106304168701,0.7954630851745605,1.6547062902094765,1.2086737155914307,0.827223584064103,1.654447168128206
opt-125m,sharegpt,1024,2,1,AFD,0.767493724822998,1.356825828552246,0.9414779414058879,2.124319553375244,0.4694818086746204,0.9389636173492408
opt-125m,sharegpt,1024,2,1,CPU-Attention,0.8273694515228271,0.8396625518798828,1.1997370151968545,1.66703200340271,0.5977591783730043,1.1955183567460086
opt-125m,sharegpt,1024,2,1,Naive PIM,0.7753071784973145,1.144723653793335,1.041649939347039,1.9200308322906494,0.5184958824966301,1.0369917649932603
opt-125m,sharegpt,1024,2,1,CloverInfer,0.7494604587554932,1.9874002933502197,0.7307642518755184,2.736860752105713,0.36367549213806005,0.7273509842761201
opt-125m,sharegpt,1024,2,2,PD,0.40295863151550293,0.8021683692932129,1.6595761265475544,1.2051270008087158,0.8290886635581061,1.6581773271162121
opt-125m,sharegpt,1024,2,2,AFD,0.7896757125854492,1.361290454864502,0.9298147178070555,2.150966167449951,0.4636160202322665,0.927232040464533
opt-125m,sharegpt,1024,2,2,CPU-Attention,0.8223381042480469,0.8608031272888184,1.1882544153313939,1.6831412315368652,0.5920588278056635,1.184117655611327
opt-125m,sharegpt,1024,2,2,Naive PIM,0.7899982929229736,1.1416757106781006,1.0353713909653237,1.9316740036010742,0.5151962670753872,1.0303925341507745
opt-125m,sharegpt,1024,2,2,CloverInfer,0.8134539127349854,2.060758352279663,0.6958428312147666,2.8742122650146484,0.3463400725477841,0.6926801450955682
qwen-1_8b,qasper,1024,2,1,PD,1.3369073867797852,2.9372053146362305,0.46793337932745643,4.274112701416016,0.23298033686270553,0.46596067372541106
qwen-1_8b,qasper,1024,2,1,AFD,3.0593531131744385,3.989497661590576,0.2837341949640966,7.048850774765015,0.1412472297310267,0.2824944594620534
qwen-1_8b,qasper,1024,2,1,CPU-Attention,3.038684368133545,2.315767765045166,0.37352094112618106,5.354452133178711,0.18567821711895485,0.3713564342379097
qwen-1_8b,qasper,1024,2,1,Naive PIM,3.035846471786499,3.1778860092163086,0.3218677350714057,6.213732481002808,0.15997048274135514,0.3199409654827103
qwen-1_8b,qasper,1024,2,1,CloverInfer,3.0344066619873047,2.850226640701294,0.3398682461804767,5.884633302688599,0.16880861111049622,0.33761722222099244
qwen-1_8b,qasper,1024,2,2,PD,1.2715177536010742,2.8401145935058594,0.48642481407834515,4.111632347106934,0.2423804216119707,0.4847608432239414
qwen-1_8b,qasper,1024,2,2,AFD,3.047618865966797,3.8493309020996094,0.28998326321879386,6.896949768066406,0.1443491688909133,0.2886983377818266
qwen-1_8b,qasper,1024,2,2,CPU-Attention,3.037376642227173,2.30379581451416,0.37444962060262826,5.341172456741333,0.18607378999026622,0.37214757998053244
qwen-1_8b,qasper,1024,2,2,Naive PIM,3.048508882522583,3.450366973876953,0.30774553079523304,6.498875856399536,0.15297095363620142,0.30594190727240284
qwen-1_8b,qasper,1024,2,2,CloverInfer,3.0299484729766846,2.854734420776367,0.3398653820621535,5.884682893753052,0.16877722160356035,0.3375544432071207
qwen-1_8b,humaneval,1024,2,1,PD,1.2706246376037598,2.8432087898254395,0.4861645555857696,4.113833427429199,0.24186357311324766,0.4837271462264953
qwen-1_8b,humaneval,1024,2,1,AFD,3.027937412261963,3.9637863636016846,0.2860524906467649,6.9917237758636475,0.14235265616437695,0.2847053123287539
qwen-1_8b,humaneval,1024,2,1,CPU-Attention,3.0450985431671143,2.273437976837158,0.37604329545872767,5.3185365200042725,0.18687070482485327,0.37374140964970654
qwen-1_8b,humaneval,1024,2,1,Naive PIM,3.0312340259552,3.135986089706421,0.3242952193194809,6.167220115661621,0.16124619124811115,0.3224923824962223
qwen-1_8b,humaneval,1024,2,1,CloverInfer,3.034837245941162,2.812978506088257,0.3420080393787924,5.847815752029419,0.16992327997356615,0.3398465599471323
qwen-1_8b,humaneval,1024,2,2,PD,1.2984116077423096,2.826263666152954,0.4848866558436341,4.124675273895264,0.24140466844171227,0.48280933688342453
qwen-1_8b,humaneval,1024,2,2,AFD,3.0281858444213867,3.8943047523498535,0.28891335741688573,6.92249059677124,0.14384055528169684,0.2876811105633937
qwen-1_8b,humaneval,1024,2,2,CPU-Attention,3.0264034271240234,2.1835739612579346,0.38387882535918877,5.209977388381958,0.1909091674592191,0.3818183349184382
qwen-1_8b,humaneval,1024,2,2,Naive PIM,3.0298011302948,3.2150845527648926,0.32026206747472385,6.244885683059692,0.15905706701065606,0.3181141340213121
qwen-1_8b,humaneval,1024,2,2,CloverInfer,3.0290515422821045,2.8433218002319336,0.3405778010605461,5.872373342514038,0.1691896102519375,0.338379220503875
qwen-1_8b,sharegpt,1024,2,1,PD,1.2693538665771484,2.8459560871124268,0.4859901252898103,4.115309953689575,0.24214674957715432,0.48429349915430864
qwen-1_8b,sharegpt,1024,2,1,AFD,3.027991771697998,3.9083166122436523,0.28833781448215734,6.93630838394165,0.1435451346740107,0.2870902693480214
qwen-1_8b,sharegpt,1024,2,1,CPU-Attention,3.0346179008483887,2.2033228874206543,0.38182944039368005,5.237940788269043,0.1898139220728676,0.3796278441457352
qwen-1_8b,sharegpt,1024,2,1,Naive PIM,3.085034132003784,3.183727502822876,0.31904227924201534,6.26876163482666,0.158619191810972,0.317238383621944
qwen-1_8b,sharegpt,1024,2,1,CloverInfer,3.0868077278137207,2.899610996246338,0.3340895604181154,5.986418724060059,0.16573379999387533,0.33146759998775066
qwen-1_8b,sharegpt,1024,2,2,PD,1.2977933883666992,2.820528745651245,0.48563466744859685,4.118322134017944,0.24188824788599572,0.48377649577199144
qwen-1_8b,sharegpt,1024,2,2,AFD,3.0541067123413086,3.9561755657196045,0.2852952164649798,7.010282278060913,0.14195906710342485,0.2839181342068497
qwen-1_8b,sharegpt,1024,2,2,CPU-Attention,3.0808212757110596,2.2290618419647217,0.37665612513057184,5.309883117675781,0.18723208144978373,0.37446416289956747
qwen-1_8b,sharegpt,1024,2,2,Naive PIM,3.041918992996216,3.2176690101623535,0.3195098461737108,6.259588003158569,0.15877336215324078,0.31754672430648156
qwen-1_8b,sharegpt,1024,2,2,CloverInfer,3.0575950145721436,3.008035898208618,0.3297266234557468,6.065630912780762,0.16365750909161994,0.3273150181832399
