model,dataset,baseline,arrival_rate_rps,normalized_latency_mean,normalized_latency_p50,normalized_latency_p90,normalized_latency_p95,normalized_internal_latency_mean,normalized_internal_latency_p50,normalized_internal_latency_p90,normalized_internal_latency_p95,achieved_request_throughput_rps,achieved_output_throughput_tps,latency_from_arrival_mean_s,latency_internal_mean_s,input_tokens_mean,output_tokens_mean
opt-1.3b,humaneval,AFD,0.1,1.717411005579763,1.7258143723011017,2.1828392699360855,2.5592449940741067,1.1121913514203496,1.1008221879601479,1.7112365439534187,1.7172526195645332,0.10105345445452354,1.5814865622132934,26.973668467998504,17.57516477108002,204.45,15.65
opt-1.3b,humaneval,AFD,0.15,1.84389150912563,1.681022785604,2.928202290832996,2.959990192949772,1.5116818596091535,1.4618123173713684,2.210337634384632,2.212010743469,0.14319806909931684,2.2410497814043087,29.165397012233733,23.9557963013649,204.45,15.65
opt-1.3b,humaneval,AFD,0.2,2.76598219656282,2.4150216802954674,4.641467766463757,4.6653464660048485,2.2081282133029565,2.2869904562830925,3.0717958524823192,3.358887403458357,0.16238927479776824,2.541392150585073,43.900159657001495,35.06193205118179,204.45,15.65
opt-1.3b,humaneval,AFD,0.25,3.5131461161706183,3.587695136666298,5.066112338006496,5.163898801058531,2.8706101161738236,2.999296583235264,3.80452480018139,4.289035392552615,0.16783930579267542,2.62668513565537,55.814790439605716,45.56809915304184,204.45,15.65
opt-1.3b,humaneval,AFD,0.3,4.16521604946918,4.594970375299454,5.830290928483009,5.854754655063153,3.359805728412337,3.5520667135715485,4.4366434007883075,4.618616847693921,0.1732868024648389,2.711938458574729,65.96224122047424,53.358227944374086,204.45,15.65
opt-1.3b,humaneval,AFD,0.35,4.4968112462924585,4.980578437447548,5.934955835342407,6.054296146333217,3.692119832833608,3.996364437043667,4.847927588224411,4.857380133867264,0.17622746050702806,2.757959756934989,71.36520891189575,58.64338630437851,204.45,15.65
opt-1.3b,humaneval,AFD,0.4,4.814896341661612,5.287213049829006,6.12211256325245,6.226557897776366,4.155975320272976,4.4018619656562805,5.317289002239704,5.346347760409117,0.17517517976347413,2.74149156329837,76.3350632429123,65.8855357170105,204.45,15.65
opt-1.3b,humaneval,AFD,0.5,5.774680590960714,5.818626388907433,6.427998968958855,6.976759046647286,4.634101554089122,4.833208404481411,5.638349491357803,5.879233402013779,0.17708393490379146,2.7713635812443362,88.31507955789566,72.85583003759385,204.45,15.65
opt-1.3b,humaneval,AFD,0.6,5.887082417805989,5.896085247397423,6.403865303099156,6.9019563836356035,4.789413529551691,4.926171436905861,5.902994205057621,6.0679166808724405,0.18038534436770373,2.823030639354563,90.14191799163818,74.9197181224823,204.45,15.65
opt-1.3b,humaneval,AFD,0.8,6.230079871416092,5.9953474923968315,6.572407507896424,6.991621710360054,5.006115818685956,5.352514840662479,5.928252825140953,6.129635292291641,0.1849892970123428,2.8950824982431644,95.67218000888825,78.18111534118653,204.45,15.65
opt-1.3b,humaneval,CPU-Attention,0.1,2.1101100099583467,2.0275208950042725,2.7546246752142904,2.857361555844546,1.4110734930468931,1.4153432101011276,2.0960096538066866,2.12133421972394,0.09926878161669545,1.5535564323012838,33.256829988956454,22.362157189846037,204.45,15.65
opt-1.3b,humaneval,CPU-Attention,0.15,2.3823328412241405,2.229659676551819,3.4651572331786165,3.9767240189015864,1.8746486776404911,2.045868769288063,2.5617357239127156,2.5796656966209413,0.1347986714519405,2.1095992082228685,37.7807057261467,29.758758008480072,204.45,15.65
opt-1.3b,humaneval,CPU-Attention,0.2,3.3608812304006683,3.102505750954151,5.355255715548992,5.403715675324202,2.590145723273357,2.8382070884108543,3.630116724967958,4.303635845333338,0.14907481718262078,2.3330208889080155,53.41857987642288,41.151567018032075,204.45,15.65
opt-1.3b,humaneval,CPU-Attention,0.25,4.179158063232899,4.6818376034498215,5.780023711919785,6.371194388717413,3.2619900815188885,3.4679588973522186,4.3893729805946355,4.82359306961298,0.15562594672430208,2.4355460662353274,66.4709557056427,51.84087657928467,204.45,15.65
opt-1.3b,humaneval,CPU-Attention,0.3,4.639979710181554,5.107030600309372,6.220359627902508,6.359650506824255,3.607854024403625,3.7780557051301003,4.634578761458398,4.807958886027336,0.16509144636675818,2.5836811356397655,73.55848189592362,57.29711399078369,204.45,15.65
opt-1.3b,humaneval,CPU-Attention,0.35,4.9663050685491825,5.506682842969894,6.4609856605529785,6.580435433238745,4.04591874529918,4.438248425722122,5.255527792870999,5.298312023282052,0.1640576542003823,2.567502288235983,78.87692654132843,64.28612142801285,204.45,15.65
opt-1.3b,humaneval,CPU-Attention,0.4,5.117741414242321,5.667302295565605,6.50229142010212,6.606860828399658,4.3289978125856985,4.71860708296299,5.508974440395832,5.650286606699228,0.166315908878708,2.6028439739517806,81.32263320684433,68.70384855270386,204.45,15.65
opt-1.3b,humaneval,CPU-Attention,0.5,6.1373321305546495,6.185339652001858,6.794721585512162,7.357801539782025,4.849492872754733,5.076444298028946,5.938721805810928,6.028207347542048,0.168338444467003,2.6344966559085967,93.88942512273789,76.33762642145157,204.45,15.65
opt-1.3b,humaneval,CPU-Attention,0.6,6.263889545036687,6.298613652586937,6.806401002407074,7.320044244660275,5.007033367455006,5.29291220754385,6.209241563081742,6.315977526456118,0.1704823229432634,2.6680483540620723,95.92041721343995,78.71676803827286,204.45,15.65
opt-1.3b,humaneval,CPU-Attention,0.8,6.749304378943311,6.495152965188026,7.0722364977002155,7.510787307636609,5.3650803095764585,5.5453063464827,6.26456855982542,6.584273701906204,0.17224793509139896,2.695680184180394,103.6687869668007,83.88507908582687,204.45,15.65
opt-1.3b,longbench-qasper,AFD,0.1,5.795063987076283,2.800857146581014,16.526762819290163,16.858366823196413,1.5723382867541578,1.4235572735468547,2.4933747053146362,2.5378931999206547,0.1232938901240868,0.8568925363624033,15.8798872590065,7.603056108951568,512.0,6.95
opt-1.3b,longbench-qasper,AFD,0.15,4.642616975588931,3.0536339918772377,11.3577915430069,14.05774428844452,1.6578776689370474,1.5291203101476034,2.542577314376831,2.5673004150390626,0.17429747288457323,1.211367436547784,14.449120688438416,8.233084750175475,512.0,6.95
opt-1.3b,longbench-qasper,AFD,0.2,4.15901092885269,3.112944682439168,8.561597585678104,11.17458212375641,1.7089098873568906,1.6742383639017742,2.525654911994934,2.5527799248695375,0.22023867232128644,1.5306587726329406,14.056403160095215,8.705743443965911,512.0,6.95
opt-1.3b,longbench-qasper,AFD,0.25,3.8137815081576507,2.6787958542505903,6.850020551681522,9.126921331882482,1.8328492878377438,1.7519476890563965,2.539943313598633,2.6398840665817267,0.26197213236389977,1.8207063199291034,13.711070346832276,9.578064835071563,512.0,6.95
opt-1.3b,longbench-qasper,AFD,0.3,3.9873063817951415,2.648101234436035,6.352452087402345,7.836996197700508,2.0375819862054456,2.0635395288467406,2.624131011962891,2.776818490028382,0.2930045913858814,2.0363819101318756,16.14627950191498,11.084478175640106,512.0,6.95
opt-1.3b,longbench-qasper,AFD,0.35,5.476427809877528,3.5808899137708874,9.066644263267538,22.28287024497986,2.2434386919273273,2.1180187596215143,2.880947232246399,2.99839780330658,0.3063168166749534,2.1289018758909264,19.87863872051239,13.086196541786194,512.0,6.95
opt-1.3b,longbench-qasper,AFD,0.4,5.937297931396299,3.5041663249333697,10.289909458160423,25.38928099870682,2.5455026152729987,2.407090409596761,3.3528319644927986,3.6627601385116577,0.3173498688020994,2.2055815881745913,22.357001638412477,15.240073895454406,512.0,6.95
opt-1.3b,longbench-qasper,AFD,0.5,6.530647381312317,3.3575597777962685,12.365843319892912,30.646241736412048,2.907699296209547,2.7541741728782654,3.8089095115661626,4.290723145008087,0.32920274271781985,2.2879590618888477,25.27816449403763,17.903023278713228,512.0,6.95
opt-1.3b,longbench-qasper,AFD,0.6,8.991667918480106,3.8325304463505745,18.73937416076663,37.59212254285812,3.733959783845478,3.3977068811655045,5.102737752596537,5.342564264933269,0.31907598882937654,2.2175781223641673,33.03776986598969,22.67972505092621,512.0,6.95
opt-1.3b,longbench-qasper,AFD,0.8,11.728794079456064,5.122888975673252,28.415411067008993,42.62517206668854,4.24638854359587,3.5162482604384424,6.470100259780884,6.740215122699738,0.32550971862651823,2.2622925444543016,41.197179436683655,25.14875967502594,512.0,6.95
opt-1.3b,longbench-qasper,CPU-Attention,0.1,6.230544258488549,4.503745714823404,16.516784405708314,16.854796898365024,1.3621393292811181,1.4299415588378905,1.7455696344375613,1.8948065956433615,0.12123735127964691,0.842599591393546,17.786990213394166,7.986930000782013,512.0,6.95
opt-1.3b,longbench-qasper,CPU-Attention,0.15,4.871342868391011,3.0527215878168743,11.414629411697392,14.737128305435183,1.4322494994435044,1.500413417816162,1.7508673604329428,1.8360591570536295,0.1697721719369219,1.1799165949616073,15.158247029781341,8.753888189792633,512.0,6.95
opt-1.3b,longbench-qasper,CPU-Attention,0.2,4.5060901246633795,3.1128725608189898,8.558546710014348,11.353789067268377,1.4988216147985722,1.4956609681248665,1.840700058937073,1.9066798090934756,0.2121398878512777,1.4743722205663798,15.872696149349213,9.490706241130829,512.0,6.95
opt-1.3b,longbench-qasper,CPU-Attention,0.25,4.499281770570411,2.7912445664405823,7.550710248947146,9.395294260978707,1.8523102958169249,1.710152268409729,2.300292220115662,2.4968259183565773,0.24489454506927347,1.7020170882314507,18.712534546852112,12.024913549423218,512.0,6.95
opt-1.3b,longbench-qasper,CPU-Attention,0.3,4.7883878064817855,2.786172144114971,7.45826213359833,9.642554330825817,2.0368459125194285,1.9567239259680114,2.5027228037516283,2.8823128660519917,0.26339448259136544,1.8305916540099898,21.046244812011718,13.971171116828918,512.0,6.95
opt-1.3b,longbench-qasper,CPU-Attention,0.35,5.191247909714778,3.7823513746261597,6.93739034334819,10.929475231965396,2.1954651556577947,2.1193843126296996,2.7498089075088505,2.970988883972168,0.27642947077136304,1.921184821860973,23.72547639608383,15.6996563911438,512.0,6.95
opt-1.3b,longbench-qasper,CPU-Attention,0.4,5.516750927037663,3.7250929673512774,7.515602682431544,12.046553234259303,2.4434098409612974,2.4502350330352782,2.964637050628663,3.394752565224966,0.2853878611627721,1.9834456350812661,26.23765094280243,17.317456543445587,512.0,6.95
opt-1.3b,longbench-qasper,CPU-Attention,0.5,7.491631187333001,3.3121864199638367,15.045848488807714,37.34616241455078,2.7802816455894046,2.817793440818787,3.2471703052520753,3.346350042025249,0.29650421908566493,2.060704322645371,28.820298743247985,19.738620734214784,512.0,6.95
opt-1.3b,longbench-qasper,CPU-Attention,0.6,8.617758005261422,3.471478583912055,19.163374638557467,41.24191905260086,2.999172336243921,3.0347990915179253,3.524587359428406,3.7304018020629894,0.3015188056315432,2.0955556991392257,32.27599903345108,21.19415831565857,512.0,6.95
opt-1.3b,longbench-qasper,CPU-Attention,0.8,10.830188198238611,4.813018441200256,20.73052272796635,44.885244047641756,3.3801809972524643,3.3804959803819656,4.329257607460022,4.4086834828058885,0.31396118046581556,2.182030204237418,40.24771962165833,22.828277337551118,512.0,6.95
opt-1.3b,sharegpt,AFD,0.1,1.8174576855049684,1.5346211269497871,3.3908780440688133,3.4081830844283107,1.0963850762408514,1.1383324414491653,1.3595780819654466,1.4213432177901268,0.10124195137905,1.6046849293579424,28.948293709754942,17.450621676445007,229.5,15.85
opt-1.3b,sharegpt,AFD,0.15,1.809519983541507,1.783914752304554,2.705585460364819,2.784213348478079,1.3718327053464376,1.267349287867546,1.9185585722327234,1.9616260021924974,0.13696211704862205,2.1708495552206593,28.753495609760286,21.84024969339371,229.5,15.85
opt-1.3b,sharegpt,AFD,0.2,2.082533252181915,1.8156991750001907,2.934491665661335,3.007780209183693,1.7814870986227807,1.6637097671627998,2.4040324464440346,2.4625901624560353,0.16258536493941023,2.576978034289652,32.94152780771255,28.273342382907867,229.5,15.85
opt-1.3b,sharegpt,AFD,0.25,2.9489680143503043,2.862523838877678,4.163484175503254,4.228520943969489,2.577918277279689,2.7084150463342667,3.5162133127450943,3.626309768855572,0.17203838366567265,2.7268083811009114,46.81195061206817,40.930831384658816,229.5,15.85
opt-1.3b,sharegpt,AFD,0.3,4.055762959386294,3.9184649288654327,5.680399815738201,5.83254981126923,3.2483366837868326,3.254737218985191,4.2051009550690654,4.266590606421232,0.175747277976625,2.7855943559295064,63.80143471956253,51.51072809696198,229.5,15.85
opt-1.3b,sharegpt,AFD,0.35,4.668991120503499,4.483357161283493,6.454511569440364,6.508293839142873,3.82378250761674,3.966468319296837,4.899826589226723,5.129909935880166,0.17703084523491236,2.805938896973361,73.59088126420974,60.40847409963608,229.5,15.85
opt-1.3b,sharegpt,AFD,0.4,4.9215952132756895,4.80756738781929,6.532351872324943,6.589449961196919,4.166618389235093,4.321632191538811,5.427291116118432,5.505050763086631,0.17697858119217377,2.805110511895954,77.60831283330917,65.78498471975327,229.5,15.85
opt-1.3b,sharegpt,AFD,0.5,5.894711526769858,5.749707847833633,7.034212529659271,7.080662839401227,4.716230128017756,4.7349558994174,5.852509534358978,5.901211448071095,0.17744959099829033,2.8125760173229017,93.14828692674637,74.56747813224793,229.5,15.85
opt-1.3b,sharegpt,AFD,0.6,5.99148014961527,5.858216360211372,6.928741030395031,6.979738947290642,5.006262516287657,5.100520581007004,5.9386475622653965,6.073306943533512,0.18018735605052685,2.8559695934008507,94.69415309429169,79.11301485300064,229.5,15.85
opt-1.3b,sharegpt,AFD,0.8,6.279699753740659,6.1593837812542915,6.962249338626862,7.0208237705322425,5.420824265766602,5.5881457552313805,6.328883774578571,6.445782495576602,0.1793737223114559,2.8430734986365764,99.27207818031312,85.70659655332565,229.5,15.85
opt-1.3b,sharegpt,CPU-Attention,0.1,2.0158180511914767,1.8798334524035454,3.391877591609955,3.409323021769524,1.2584710710896896,1.292071871459484,1.6790444850921633,1.837468606978655,0.09865090656805023,1.563616869103596,32.12205842733383,20.044710409641265,229.5,15.85
opt-1.3b,sharegpt,CPU-Attention,0.15,1.9274715112378964,1.952371209859848,3.042479704320431,3.1211075127124785,1.5661268909390156,1.5695425122976303,2.20467112660408,2.2196177661418917,0.1320861612610859,2.0935656559882116,30.640750145912172,24.941615676879884,229.5,15.85
opt-1.3b,sharegpt,CPU-Attention,0.2,2.6471975082961414,2.5583273120797596,3.84161116629839,4.240275804698467,2.1415357390275367,2.13164172321558,2.799624529480934,2.824587204307318,0.15395555934947383,2.44019561568916,41.976200091838834,33.99047698974609,229.5,15.85
opt-1.3b,sharegpt,CPU-Attention,0.25,3.6453864969313146,3.602926082909107,5.709874339401723,6.039561276882887,2.943470441779265,3.0969835743308067,3.957642436027527,4.012089347839356,0.16097819473694763,2.55150438658062,57.95464911460876,46.75124326944351,229.5,15.85
opt-1.3b,sharegpt,CPU-Attention,0.3,4.417963938586987,4.394073471426964,6.156083589792252,6.313669075988808,3.532858271151781,3.725724957883358,4.506273949146271,4.770669195055961,0.16473234319862118,2.611007639698146,69.50887274742126,55.992814493179324,229.5,15.85
opt-1.3b,sharegpt,CPU-Attention,0.35,5.050421991944313,4.926003888249397,6.897235657274723,6.955963333696128,4.041934571759059,4.413900278508663,5.04617169121137,5.082092858679019,0.16658542111897798,2.640378924735801,79.61200964450836,63.910183787345886,229.5,15.85
opt-1.3b,sharegpt,CPU-Attention,0.4,5.308079443814663,5.237073123455048,6.9618745833635325,7.023980531039147,4.4001749766560705,4.707945272326469,5.388070199237421,5.569887651503086,0.1668335046527721,2.644311048746438,83.7127779364586,69.59756546020508,229.5,15.85
opt-1.3b,sharegpt,CPU-Attention,0.5,6.321898783686069,6.171916984021664,7.456531640887261,7.50782943734756,4.888148977722113,4.905907399952412,6.187563127279282,6.317198881621544,0.16741182747008457,2.65347746540084,99.90535020828247,77.23815560340881,229.5,15.85
opt-1.3b,sharegpt,CPU-Attention,0.6,6.402130042417691,6.264244884252548,7.334755355119705,7.390447879983829,5.1459669580826395,5.431075602769852,6.202087983489037,6.219168566740476,0.17022742919683306,2.698104752769804,101.18960787057877,81.36343238353729,229.5,15.85
opt-1.3b,sharegpt,CPU-Attention,0.8,6.580149310483383,6.456399418413639,7.2592802926898,7.3213251915115585,5.487675360303658,5.7481560334563255,6.486445975303649,6.607595549982328,0.17204157397918446,2.7268589475700735,104.02443534135818,86.75502300262451,229.5,15.85
qwen-1.8b,humaneval,AFD,0.1,2.2161119252443315,2.2839007899165154,2.7973972290754325,3.3284570187330247,1.7617499984800815,1.7657757997512817,2.4124875396490095,2.4277148030698297,0.14595751502784526,2.335320240445524,35.457790803909305,28.187999975681304,121.95,16.0
qwen-1.8b,humaneval,AFD,0.15,3.3700634934008122,3.3181710317730904,4.778326566517354,4.93944759592414,2.8288528554141523,2.849021427333355,3.9932387650012973,4.17672523111105,0.16997687325065863,2.719629972010538,53.921015894412996,45.26164568662644,121.95,16.0
qwen-1.8b,humaneval,AFD,0.2,4.3543632186949255,4.698038496077061,5.731045892834663,5.761708030849696,3.878789523243904,4.191413179039955,4.826687914133072,4.919142466783523,0.17399123664600488,2.783859786336078,69.66981149911881,62.060632371902464,121.95,16.0
qwen-1.8b,humaneval,AFD,0.25,5.2352798618376255,5.449401892721653,6.777005772292615,6.830619488656521,4.356681273877621,4.412411615252495,5.436451548337937,5.531553818285465,0.17509443450683,2.80151095210928,83.76447778940201,69.70690038204194,121.95,16.0
qwen-1.8b,humaneval,AFD,0.3,5.787800820171833,5.85905297845602,6.939754213392735,7.010584048181772,4.745667913556099,4.903933003544807,5.8029507249593735,5.820119991153479,0.1737734597986507,2.780375356778411,92.60481312274933,75.93068661689759,121.95,16.0
qwen-1.8b,humaneval,AFD,0.35,6.2720461584627625,6.200461372733116,7.126808473467826,7.231012085825205,5.105813959240914,5.421002276241779,5.920582944154739,6.013721410930157,0.17175616129903307,2.748098580784529,100.3527385354042,81.69302334785462,121.95,16.0
qwen-1.8b,humaneval,AFD,0.4,6.090006573498249,6.027358703315258,6.837960067391395,6.929101810604334,5.027317599207163,5.204707846045494,5.822700746357441,5.86384762749076,0.17934021889713564,2.8694435023541702,97.44010517597198,80.43708158731461,121.95,16.0
qwen-1.8b,humaneval,AFD,0.5,6.277610710263252,6.227514803409576,6.875899927318096,6.948830472677947,5.313075996190309,5.641226641833782,6.054126797616481,6.077778947353363,0.1790392890167641,2.8646286242682257,100.44177136421203,85.00921593904495,121.95,16.0
qwen-1.8b,humaneval,AFD,0.6,6.337252148240805,6.295495204627514,6.835825276374816,6.896620352566242,5.467197312414646,5.805671244859695,6.184431551396847,6.21112347766757,0.18053160759462,2.88850572151392,101.39603437185288,87.47515699863433,121.95,16.0
qwen-1.8b,humaneval,AFD,0.8,6.48260857462883,6.4512917920947075,6.856539863348008,6.902121323347092,5.703893779963255,6.0819195210933685,6.4078690767288204,6.4487784370779995,0.1805652521744837,2.889044034791739,103.72173719406128,91.26230047941208,121.95,16.0
qwen-1.8b,humaneval,CPU-Attention,0.1,2.2535966403782366,2.3280950412154198,2.797623525559903,3.328618936240673,1.915075697749853,1.959826022386551,2.598483045399189,2.617541243880987,0.1432026702255334,2.2912427236085344,36.057546246051785,30.64121116399765,121.95,16.0
qwen-1.8b,humaneval,CPU-Attention,0.15,3.5997609280049803,3.5296426713466644,5.128099872171879,5.50803984105587,3.04122206941247,3.0854988172650337,4.147461158037186,4.208950074017048,0.1661837418934986,2.6589398702959777,57.596174848079684,48.65955311059952,121.95,16.0
qwen-1.8b,humaneval,CPU-Attention,0.2,4.7303250029683115,4.989527449011803,6.034050267934799,6.305626352131367,3.9849429368972777,4.307179689407349,5.1701965004205706,5.201834143698216,0.16793210088393126,2.6869136141429,75.68520004749298,63.759086990356444,121.95,16.0
qwen-1.8b,humaneval,CPU-Attention,0.25,5.411405219137668,5.645082324743271,6.972716155648231,7.026384440809489,4.49198167398572,4.589405231177807,5.627834628522396,5.7074973694980145,0.1704223450570553,2.726757520912885,86.58248350620269,71.87170678377151,121.95,16.0
qwen-1.8b,humaneval,CPU-Attention,0.3,5.970582939684391,6.051453359425068,7.132269547879696,7.203056225925684,4.831299909204245,5.043008513748646,5.817141439020634,5.89883857741952,0.16924672650509048,2.7079476240814477,95.52932703495026,77.30079854726792,121.95,16.0
qwen-1.8b,humaneval,CPU-Attention,0.35,6.350202388316393,6.278603173792362,7.204971709847451,7.30918118134141,5.051405636221171,5.337197072803974,5.957564944028854,5.984478621184826,0.16993222733824712,2.718915637411954,101.60323821306228,80.82249017953873,121.95,16.0
qwen-1.8b,humaneval,CPU-Attention,0.4,6.381237395107746,6.318606160581112,7.129142010211945,7.220321583002806,5.245433964580298,5.381602838635445,6.189927385747433,6.411830098927021,0.17214631206059636,2.7543409929695417,102.09979832172394,83.92694343328476,121.95,16.0
qwen-1.8b,humaneval,CPU-Attention,0.5,6.5685081832110885,6.5183945670723915,7.166812443733216,7.2397495895624155,5.538267912715673,5.913574002683163,6.315265035629273,6.335770127177239,0.17187887643242555,2.750062022918809,105.09613093137742,88.61228660345077,121.95,16.0
qwen-1.8b,humaneval,CPU-Attention,0.6,6.6597058698534966,6.617942504584789,7.1582842156291004,7.219037198275328,5.721000835299492,6.1073350459337234,6.435408154129982,6.504852659255266,0.1724979951131907,2.759967921811051,106.55529391765594,91.53601336479187,121.95,16.0
qwen-1.8b,humaneval,CPU-Attention,0.8,6.652331954240799,6.621016815304756,7.026196742057801,7.0717666782438755,5.7511263228952885,6.166897468268871,6.5478624776005745,6.582165456563234,0.17624343537109638,2.819894965937542,106.43731126785278,92.01802116632462,121.95,16.0
qwen-1.8b,longbench-qasper,AFD,0.1,6.939655387898286,2.392563581466675,18.851768755912794,26.42455859184267,1.6002627977894412,1.3251726627349854,2.5503779649734497,2.5537665247917176,0.09940790058296044,0.7853224146053874,20.34861077070236,9.090445017814636,512.0,7.9
qwen-1.8b,longbench-qasper,AFD,0.15,5.735488160865175,1.980919361114502,16.868695116043092,17.619171929359446,1.747862403674258,1.4431143179535866,2.635692143440247,2.7270654439926147,0.14815877328679625,1.1704543089656902,18.072430312633514,10.646950423717499,512.0,7.9
qwen-1.8b,longbench-qasper,AFD,0.2,5.019177658524778,2.4833864370981855,12.64062750339508,13.21085281372071,1.913993075572782,1.685525231063366,2.6558659791946417,2.936312663555145,0.18661886111467016,1.4742890028058941,18.92254285812378,12.081280946731567,512.0,7.9
qwen-1.8b,longbench-qasper,AFD,0.25,4.572423540718026,2.388936072587967,10.328479242324832,12.174774003028874,2.0240282570322354,1.9175525903701782,2.67317156791687,2.8058295488357543,0.21905200360006818,1.7305108284405386,18.6963019490242,13.370346641540527,512.0,7.9
qwen-1.8b,longbench-qasper,AFD,0.3,4.7653422528670895,2.481072333123949,10.883036708831792,13.99251803159714,2.206623949855566,2.170436541239421,2.801788485050202,3.052299451828003,0.24958285003343225,1.9717045152641148,18.990119373798372,14.864489161968232,512.0,7.9
qwen-1.8b,longbench-qasper,AFD,0.35,5.50081861557232,3.6502912789583206,11.164786410331729,13.505549442768103,2.530780493136909,2.5173648198445635,3.112515131632488,3.952297039826711,0.25639618170864364,2.025529835498285,24.691010057926178,18.095510852336883,512.0,7.9
qwen-1.8b,longbench-qasper,AFD,0.4,6.2734123417072825,3.8909921422600746,12.437306841214498,13.607434252897908,2.7786270316276287,2.591432511806488,3.445215793450675,4.6224105993906655,0.2608657715777631,2.060839595464328,29.134726440906526,20.48677295446396,512.0,7.9
qwen-1.8b,longbench-qasper,AFD,0.5,6.743261951373683,3.910189166665077,14.202790951728822,15.563802754879012,3.0789076463215883,2.8798297867178917,4.4371212244033815,4.824108095963796,0.269930179902955,2.1324484212333443,31.977003931999207,23.309533023834227,512.0,7.9
qwen-1.8b,longbench-qasper,AFD,0.6,7.37484470191929,4.229073166847229,15.832237275441488,17.367465464274105,3.5299097707702054,3.4475548292199774,5.1316406051317855,5.189399202664695,0.27124705278681976,2.142851717015876,36.20432085990906,26.933326840400696,512.0,7.9
qwen-1.8b,longbench-qasper,AFD,0.8,12.030966841843393,4.236096926033497,31.670304548740408,45.18980190753937,3.9835461088352733,3.674714259803295,4.990748965740208,7.45045269727707,0.2860966625658699,2.260163634270372,43.34114714860916,28.6332124710083,512.0,7.9
qwen-1.8b,longbench-qasper,CPU-Attention,0.1,6.940933359662692,2.275903046131134,18.84580600261689,26.4133389234543,1.3682373387946023,1.4031077722708383,1.605580759048462,1.6221903622150422,0.0998904655637046,0.7891346779532663,21.09903427362442,10.109390759468079,512.0,7.9
qwen-1.8b,longbench-qasper,CPU-Attention,0.15,5.905223896768358,1.9809733107686043,16.865875625610354,17.619302082061775,1.549488560275899,1.557108759880066,1.795491274694602,1.8670480688412987,0.1454881848647155,1.1493566604312524,19.07777030467987,11.928873574733734,512.0,7.9
qwen-1.8b,longbench-qasper,CPU-Attention,0.2,5.347903135336107,2.7006222878893213,12.642693424224854,13.209750580787667,1.823895448197921,1.6554759219288826,2.2484224483370796,3.0365620374679567,0.17941991653797087,1.41741734064997,20.953578436374663,14.148648619651794,512.0,7.9
qwen-1.8b,longbench-qasper,CPU-Attention,0.25,4.958568084157175,2.575638398528099,10.800546169281015,16.63677399158478,2.0283753246068956,2.030185560385386,2.353933743635814,2.6410941263039915,0.2083380231654693,1.6458703830072074,20.89197356700897,16.27025990486145,512.0,7.9
qwen-1.8b,longbench-qasper,CPU-Attention,0.3,5.086423097633653,2.826160319149494,9.150255918502816,15.6947778582573,2.276175794998805,2.2514291629195213,3.1615407466888437,3.616487248738607,0.22289832174564841,1.7608967417906225,23.23303966522217,18.815592777729034,512.0,7.9
qwen-1.8b,longbench-qasper,CPU-Attention,0.35,5.92231189062198,3.9098601639270782,13.164043879508974,14.5099477171898,2.5182899782227146,2.4650835767388344,3.3766400734583546,4.037454867362977,0.2317266983572776,1.830640917022493,29.33445018529892,21.34927831888199,512.0,7.9
qwen-1.8b,longbench-qasper,CPU-Attention,0.4,6.790862241966857,4.297061011195183,15.048723085721335,16.480135409037285,2.643087662756443,2.660626418888569,3.4461439674099292,3.992219312985739,0.236681733276977,1.8697856928881182,34.17011570930481,23.18619635105133,512.0,7.9
qwen-1.8b,longbench-qasper,CPU-Attention,0.5,7.216064046902789,4.274910971522331,16.50439904530843,18.097565249602017,2.749882510387235,2.915825292468071,3.552673646807671,3.676291602104903,0.24692100084392707,1.9506759066670238,35.20199949741364,24.929737877845763,512.0,7.9
qwen-1.8b,longbench-qasper,CPU-Attention,0.6,7.776101299209727,4.2781907841563225,17.570925688743593,19.278638172149677,3.0891120225191115,3.219345174729824,4.053850722312928,4.444605700174967,0.25332390369123947,2.001258839160792,38.77699291706085,26.92749878168106,512.0,7.9
qwen-1.8b,longbench-qasper,CPU-Attention,0.8,10.557312001453505,4.341987691819668,22.495183467865036,51.963262391090396,3.2309993487265376,3.444231227040291,4.1698080778121955,4.521331961949667,0.26082450999592205,2.0605136289677843,42.58600889444351,28.33462975025177,512.0,7.9
qwen-1.8b,sharegpt,AFD,0.1,1.6199376285076141,1.4660436362028122,2.4572984084486964,2.567982251942158,1.1946846544742584,1.370492435991764,1.5324738398194313,1.5351061716675758,0.10102570814951316,1.6164113303922105,25.919002056121826,19.114954471588135,128.1,16.0
qwen-1.8b,sharegpt,AFD,0.15,2.2608453780412674,2.2268554866313934,3.256202284991742,3.81683841496706,1.8155612856149674,1.9794622734189034,2.422725634276867,2.4446715526282787,0.1325103355072373,2.1201653681157966,36.17352604866028,29.04898056983948,128.1,16.0
qwen-1.8b,sharegpt,AFD,0.2,3.1071488156914713,2.9828594028949738,4.9535273477435116,5.003743550926448,2.479024225473404,2.864070475101471,3.3500834077596666,3.4936692140996457,0.14876395960918526,2.380223353746964,49.71438105106354,39.66438760757446,128.1,16.0
qwen-1.8b,sharegpt,AFD,0.25,4.010929665714502,4.143601104617119,5.790667997300624,5.898361779004335,3.0573736645281313,3.5395869240164757,4.020021522045136,4.086535599082708,0.15774961429131537,2.523993828661046,64.17487465143203,48.9179786324501,128.1,16.0
qwen-1.8b,sharegpt,AFD,0.3,4.246188880503178,4.513430073857307,5.8859415158629425,5.975697592645884,3.480090583860874,4.03319688886404,4.526034297049045,4.5411709800362585,0.16310785281139312,2.60972564498229,67.93902208805085,55.681449341773984,128.1,16.0
qwen-1.8b,sharegpt,AFD,0.35,4.641631569713354,4.9138965010643005,6.011352667212487,6.069590808451176,3.831348582357168,4.434091843664646,4.783796672523022,4.8592556737363335,0.16765982892058218,2.682557262729315,74.26610511541367,61.30157731771469,128.1,16.0
qwen-1.8b,sharegpt,AFD,0.4,5.084208436310291,5.299940966069698,6.183433635532856,6.358760846406222,4.094964402168989,4.585740841925144,5.113093048334122,5.139291828125716,0.16919672707128208,2.7071476331405133,81.34733498096466,65.51943043470382,128.1,16.0
qwen-1.8b,sharegpt,AFD,0.5,5.340235002338886,5.61683477461338,6.323460714519024,6.463811383396387,4.468574973940849,4.950565807521343,5.494964124262333,5.575529897958041,0.17153640074980922,2.7445824119969475,85.44376003742218,71.49719958305359,128.1,16.0
qwen-1.8b,sharegpt,AFD,0.6,5.785045304894448,5.947556272149086,6.540729071199895,6.811855501681567,4.704306906461715,5.076465480029583,5.6297527089715,5.882086011022329,0.1733188595439835,2.773101752703736,92.56072487831116,75.26891050338745,128.1,16.0
qwen-1.8b,sharegpt,AFD,0.8,6.28556479588151,6.277432695031166,6.845021151006222,6.998365493118763,5.043286293745041,5.515397645533085,6.015127509832383,6.380266880989074,0.17513880754027822,2.8022209206444515,100.56903673410416,80.69258069992065,128.1,16.0
qwen-1.8b,sharegpt,CPU-Attention,0.1,1.7580487512052059,1.7246668189764023,2.679589629173279,2.9116806730628015,1.2968470178544522,1.4009090438485146,1.7924328282475472,1.7938212931156157,0.09887775854889354,1.5820441367822966,28.128780019283294,20.749552285671236,128.1,16.0
qwen-1.8b,sharegpt,CPU-Attention,0.15,2.5029724963009357,2.543056443333626,3.5725876778364194,4.133030337095261,2.0400044187903403,2.263123482465744,2.652664302289486,2.687056800723076,0.12821169249781994,2.051387079965119,40.04755994081497,32.640070700645445,128.1,16.0
qwen-1.8b,sharegpt,CPU-Attention,0.2,3.33066468834877,3.3151611238718033,5.271030461788178,5.321100173890591,2.6493601493537424,2.9478673115372658,3.8173074170947077,3.8589762568473818,0.14334717102314018,2.293554736370243,53.29063501358032,42.38976238965988,128.1,16.0
qwen-1.8b,sharegpt,CPU-Attention,0.25,4.225068193674088,4.411366336047649,6.0583333492279055,6.166033401340247,3.159958478808403,3.658532530069351,4.183381840586662,4.207392852753401,0.15259452335456353,2.4415123736730164,67.6010910987854,50.55933566093445,128.1,16.0
qwen-1.8b,sharegpt,CPU-Attention,0.3,4.474418598413467,4.798769131302834,6.171182845532894,6.260928835719824,3.6211875922977925,4.301774732768536,4.666040554642677,4.6806277513504035,0.15725399624153447,2.5160639398645515,71.59069757461548,57.93900147676468,128.1,16.0
qwen-1.8b,sharegpt,CPU-Attention,0.35,4.833815938979387,5.143124625086784,6.240587911009788,6.298635488003493,3.909524103999138,4.423723265528679,4.855323001742363,4.950065044313669,0.16265870702487123,2.6025393123979397,77.3410550236702,62.55238566398621,128.1,16.0
qwen-1.8b,sharegpt,CPU-Attention,0.4,5.082694508135319,5.456259913742542,6.416513101756573,6.467376340925694,4.220019511133432,4.754182428121567,5.314650948345662,5.350311998277903,0.16275473426637344,2.604075748261975,81.3231121301651,67.52031217813492,128.1,16.0
qwen-1.8b,sharegpt,CPU-Attention,0.5,5.521087621152401,5.8197145983576775,6.526524166762829,6.666866408288478,4.556268300116062,4.880342669785023,5.5580040797591215,5.690253505855799,0.1668877168491547,2.6702034695864754,88.33740193843842,72.90029280185699,128.1,16.0
qwen-1.8b,sharegpt,CPU-Attention,0.6,5.9799760289490225,6.164764903485775,6.757668671011925,7.0290188729763035,4.7637591861188415,5.185829401016235,5.851056297123432,5.944446812570096,0.16825228404474094,2.692036544715855,95.67961646318436,76.22014697790146,128.1,16.0
qwen-1.8b,sharegpt,CPU-Attention,0.8,6.519150172173977,6.511026233434677,7.07860577404499,7.23194905295968,5.095549318194389,5.237043708562851,6.188918691873551,6.448165284842252,0.16958919150966228,2.7134270641545966,104.30640275478363,81.52878909111023,128.1,16.0
