arrival_rate_rps,baseline,baseline_key,dataset,dataset_slug,error,internal_baseline,model,model_slug,status
0.05,Naive PIM,naive_pim,humaneval,humaneval,"RayTaskError(RuntimeError): [36mray::GlobalScheduler.submit_request()[39m (pid=1286732, ip=192.168.123.7, actor_id=63a68ede0cd17011e708928001000000, repr=<src.core.scheduler.GlobalScheduler object at 0x7fd5a1a35f00>)
  File ""/home/cml/miniconda3/envs/clover_infer/lib/python3.10/concurrent/futures/_base.py"", line 451, in result
    return self.__get_result()
  File ""/home/cml/miniconda3/envs/clover_infer/lib/python3.10/concurrent/futures/_base.py"", line 403, in __get_result
    raise self._exception
  File ""/home/cml/CloverInfer/src/core/scheduler.py"", line 2005, in submit_request
    return await completion_future
  File ""/home/cml/CloverInfer/src/core/scheduler.py"", line 1071, in _decode_driver_loop
    await self._run_decode_wave(batch)
  File ""/home/cml/CloverInfer/src/core/scheduler.py"", line 1386, in _run_decode_wave
    attention_results = await attention.decode_layer_batch.remote(prepared_items)
ray.exceptions.RayTaskError(RuntimeError): [36mray::AttentionNode.decode_layer_batch()[39m (pid=1286797, ip=192.168.123.7, actor_id=206e662970028c0839c6032101000000, repr=<src.core.nodes.AttentionNode object at 0x7f12c46b0610>)
  File ""/home/cml/CloverInfer/src/core/resident_kv_store.py"", line 746, in allocate_group
    out = self._read_slot_args()
  File ""/home/cml/CloverInfer/src/core/resident_kv_store.py"", line 694, in _read_slot_args
    return self.SLOT_ARGS_STRUCT.unpack(self._read_exact(self.SLOT_ARGS_SIZE))
  File ""/home/cml/CloverInfer/src/core/resident_kv_store.py"", line 720, in _read_exact
    raise RuntimeError(f""kvslot helper returned incomplete output: {stderr_text.strip()}"")
RuntimeError: kvslot helper returned incomplete output: DPU 23 out of reusable kvslot capacity

The above exception was the direct cause of the following exception:

[36mray::AttentionNode.decode_layer_batch()[39m (pid=1286797, ip=192.168.123.7, actor_id=206e662970028c0839c6032101000000, repr=<src.core.nodes.AttentionNode object at 0x7f12c46b0610>)
  File ""/home/cml/CloverInfer/src/core/attention_backend.py"", line 2509, in _append_resident_kv
    append_info = self.resident_store.append_group(
  File ""/home/cml/CloverInfer/src/core/resident_kv_store.py"", line 4061, in append_group
    new_block = self._allocate_block_append_only(
  File ""/home/cml/CloverInfer/src/core/resident_kv_store.py"", line 3632, in _allocate_block_append_only
    raise RuntimeError(
RuntimeError: block allocation failed block_key=('req_210204138:layer7:group0:k#blk20', 'req_210204138:layer7:group0:v#blk20') block_idx=20 block_kind=growth slot_id=6167 physical_dpu=23 elem_count=131072 capacity=128: kvslot helper returned incomplete output: DPU 23 out of reusable kvslot capacity

During handling of the above exception, another exception occurred:

[36mray::AttentionNode.decode_layer_batch()[39m (pid=1286797, ip=192.168.123.7, actor_id=206e662970028c0839c6032101000000, repr=<src.core.nodes.AttentionNode object at 0x7f12c46b0610>)
  File ""/home/cml/miniconda3/envs/clover_infer/lib/python3.10/concurrent/futures/_base.py"", line 451, in result
    return self.__get_result()
  File ""/home/cml/miniconda3/envs/clover_infer/lib/python3.10/concurrent/futures/_base.py"", line 403, in __get_result
    raise self._exception
  File ""/home/cml/CloverInfer/src/core/nodes.py"", line 540, in decode_layer_batch
    return await self._execute_rankset_task_graph_batch(payloads)
  File ""/home/cml/CloverInfer/src/core/nodes.py"", line 223, in _execute_rankset_task_graph_batch
    return self._fallback_rankset_execution(
  File ""/home/cml/CloverInfer/src/core/nodes.py"", line 186, in _fallback_rankset_execution
    contexts = self.backend.decode_layer_batch(payloads)
  File ""/home/cml/CloverInfer/src/core/attention_backend.py"", line 3263, in decode_layer_batch
    records = [self._prepare_decode_record(item) for item in items]
  File ""/home/cml/CloverInfer/src/core/attention_backend.py"", line 3263, in <listcomp>
    records = [self._prepare_decode_record(item) for item in items]
  File ""/home/cml/CloverInfer/src/core/attention_backend.py"", line 2872, in _prepare_decode_record
    self._append_resident_kv(request_state, layer_idx, k_new, v_new)
  File ""/home/cml/CloverInfer/src/core/attention_backend.py"", line 2518, in _append_resident_kv
    self.resident_store.migrate_group_to_host_fallback(group.k_slot, group.v_slot)
  File ""/home/cml/CloverInfer/src/core/resident_kv_store.py"", line 4232, in migrate_group_to_host_fallback
    keys, values = self.materialize_group(k_slot, v_slot)
  File ""/home/cml/CloverInfer/src/core/resident_kv_store.py"", line 4176, in materialize_group
    k, v, info = self.helper.materialize_group(int(block[""slot_id""]))
  File ""/home/cml/CloverInfer/src/core/resident_kv_store.py"", line 787, in materialize_group
    self._write(header)
  File ""/home/cml/CloverInfer/src/core/resident_kv_store.py"", line 697, in _write
    proc = self._ensure_proc()
  File ""/home/cml/CloverInfer/src/core/resident_kv_store.py"", line 614, in _ensure_proc
    raise RuntimeError(
RuntimeError: kvslot helper exited while persistent DPU state was active:",disagg_pim_naive,opt-1.3b,opt-1-3b,failed
